name,designation,department,profile_url,vidwan_id,orcid_id,scopus_id,researcher_id,gscholar_id,total_publications,citations_box,google_scholar_citations,h_index,coauthor_count,expertise
Dr Subrata Ghosh,Professor,Department of Textile Technology,https://nitj.irins.org/profile/33221,33221,0000-0001-7150-3308,14827736600,Y-4525-2019,,142,3,,17,457,Materials Science Textiles
Dr Arobindo Chatterjee,Professor,Department of Textile Technology,https://nitj.irins.org/profile/59692,59692,0000-0003-0046-9151,15069355900,Y-1098-2019,ebh2T0sAAAAJ,71,4,,13,49,Materials Science Textiles
Prof VINAY MIDHA,Professor,Department of Textile Technology,https://nitj.irins.org/profile/89941,89941,0000-0002-1630-9382,8447457900,Y-5497-2019,Rln7jKAAAAAJ,140,5,,13,250,Materials Science Textiles
Dr J N Chakraborty,Professor,Department of Textile Technology,https://nitj.irins.org/profile/90069,90069,0000-0002-3789-8913,7101970447,Y-5335-2019,,117,13,,17,64,Chemical Engineering
Prof Sujit Kumar Sinha,Professor,Department of Textile Technology,https://nitj.irins.org/profile/90181,90181,,35459890200,Y-1256-2019,,59,1,,11,85,Materials Science Textiles
Prof Arunangshu Mukhopadhyay,Professor,Department of Textile Technology,https://nitj.irins.org/profile/94268,94268,0000-0002-3879-5262,7201816947,V-3574-2019,zlyCnPsAAAAJ,82,1,,9,9,Materials Science Textiles
Prof Monica Sikka,Professor,Department of Textile Technology,https://nitj.irins.org/profile/90251,90251,0000-0001-8618-2025,57190438002,Y-1567-2019,Kw3ddNoAAAAJ,114,6,,9,98,Materials Science Textiles
Dr Lalit Jajpura,Associate Professor,Department of Textile Technology,https://nitj.irins.org/profile/52714,52714,0000-0001-7496-6607,6507415538,Y-5747-2019,lalit jajpura,72,1,,8,104,Materials Science Textiles
Dr Awadhesh Kumar Choudhary,Associate Professor,Department of Textile Technology,https://nitj.irins.org/profile/92035,92035,0000-0002-7893-751X,7102838959,Y-6142-2019,ebh2T0,84,7,,8,85,Materials Science Textiles
Dr Niranjan  Bhowmick,Associate Professor,Department of Textile Technology,https://nitj.irins.org/profile/90335,90335,0000-0002-8873-8071,16052410600,Y-5320-2019,,17,1,,5,23,Materials Science Textiles
Dr Manas Datta Roy,Associate Professor,Department of Textile Technology,https://nitj.irins.org/profile/90289,90289,0000-0003-2751-9518,55343417200,Y-5479-2019,,15,1,,5,18,Multidisciplinary Engineering
Dr Palaniswamy N K,Associate Professor,Department of Textile Technology,https://nitj.irins.org/profile/90183,90183,0000-0002-8685-0422,9273444400,U-1300-2019,,25,3,,5,33,Materials Science Textiles
Dr Ghanshyam Neje,Assistant Professor (Grade-II),Department of Textile Technology,https://nitj.irins.org/profile/114000,114000,0000-0003-3486-1733,57202950933,AAG-2476-2020,https://scholar.google.com/citations?user=Na-zLHsA,14,184,,10,25,Multidisciplinary Engineering
Dr Zunjarrao Bapuso Kamble,Assistant Professor (Grade-II),Department of Textile Technology,https://nitj.irins.org/profile/340331,340331,0000-0002-9512-1889,56310274500,HLQ-4942-2023,Ke4MuLgAAAAJ,24,2,,12,33,Materials Science Textiles
Dr Anilkumar Lalchand  Yadav,Assistant Professor (Grade-II),Department of Textile Technology,https://nitj.irins.org/profile/340907,340907,0000-0002-3677-9082,57208796809,IZP-9973-2023,aodj7b8AAAAJ,21,4,,10,94,Materials Science Textiles
Dr K V P Singh,Assistant Professor,Department of Textile Technology,https://nitj.irins.org/profile/95480,95480,0000-0002-9164-3196,57199490895,Y-6680-2019,DN_FSkkAAAAJ,13,1,,4,8,Multidisciplinary Engineering
Dr MUKESH BAJYA,Assistant Professor,Department of Textile Technology,https://nitj.irins.org/profile/340038,340038,0000-0001-7957-6771,57212443348,HLQ-6794-2023,ybwE7REAAAAJ,24,2,,8,93,Materials Science Textiles
Prof Balbir Singh  Kaith,Professor,Department of Chemistry,https://nitj.irins.org/profile/90339,90339,0000-0002-0267-5699,6603295217,U-1889-2019,_499TS4AAAAJ,400,7,,53,460,Multidisciplinary Chemistry
Prof Navin Chandra Kothiyal,Professor,Department of Chemistry,https://nitj.irins.org/profile/97960,97960,0000-0001-6225-1882,8863626000,X-7817-2019,3WEQbgMAAAAJ,81,2,,26,183,Multidisciplinary Chemistry
Dr sangeeta obrai,Associate Professor,Department of Chemistry,https://nitj.irins.org/profile/89945,89945,,7801637746,,,33,385,,14,39,Multidisciplinary Chemistry
Dr Harsh Kumar Manchanda,Associate Professor,Department of Chemistry,https://nitj.irins.org/profile/89949,89949,0000-0003-3874-4614,55363475800,R-1299-2019,,406,2,,37,451,Physical Chemistry
Dr Uma Shanker,Associate Professor,Department of Chemistry,https://nitj.irins.org/profile/89953,89953,0000-0002-2448-3604,55025304300,L-8853-2019,OSdXHS8AAAAJ,190,6,,40,394,Applied Chemistry
Dr Rajeev Jindal,Associate Professor,Department of Chemistry,https://nitj.irins.org/profile/89963,89963,0000-0002-5476-5055,26867765500,Z-3066-2019,https://scholar.google.com/citations?user=pLE4PTYA,151,3,,35,237,Multidisciplinary Chemistry
Dr Vickram Jeet Singh,Associate Professor,Department of Chemistry,https://nitj.irins.org/profile/90159,90159,0000-0002-6854-1503,55468425000,R-3778-2019,kT8Pzz,98,1,,22,194,Physical Chemistry
Dr Jaspreet Kaur,Associate Professor,Department of Chemistry,https://nitj.irins.org/profile/90277,90277,0000-0002-9668-7438,57202041524,AAA-6270-2019,https://scholar.google.com/citations?hl=en&user=NH,109,1,,21,198,Multidisciplinary Chemistry
Dr Manisha Devi,Assistant Professor (Grade-II),Department of Chemistry,https://nitj.irins.org/profile/652764,652764,0000-0001-7862-4962,35182616800,AAC-9638-2020,NWlVe7QAAAAJ,31,1,,15,169,Applied Chemistry
Dr Sadhika Khullar,Assistant Professor,Department of Chemistry,https://nitj.irins.org/profile/89987,89987,0000-0001-7290-0823,55471715100,Q-6728-2019,https://scholar.google.com/citations?user=1YLbgQ4A,98,7,,28,379,Inorganic and Nuclear Chemistry
Dr Vimal Kumar,Assistant Professor,Department of Chemistry,https://nitj.irins.org/profile/90299,90299,0000-0003-1387-6709,54952591300,Y-2590-2019,https://scholar.google.com/citations?hl=en&user=le,75,1,,22,281,Inorganic and Nuclear Chemistry
Prof Sangeeta Garg,Professor,Department of Chemical Engineering,https://nitj.irins.org/profile/94951,94951,0000-0002-7831-5972,7401716680,V-7105-2019,uL-CHc8AAAAJ,1,1,,1,1,Chemical Engineering
Dr Renu Gupta,Professor,Department of Chemical Engineering,https://nitj.irins.org/profile/90011,90011,0000-0002-9730-3969,55754852800,X-8937-2019,U1H8JZEAAAAJ,39,4,,12,75,Chemical Engineering
Prof Ajay Bansal,Professor,Department of Chemical Engineering,https://nitj.irins.org/profile/90093,90093,0000-0002-0066-0530,57131320700,B-8337-2015,https://scholar.google.com/citations?user=xwmdl3IA,79,1,,22,125,Chemical Engineering
Dr Mithilesh Kumar Jha,Professor,Department of Chemical Engineering,https://nitj.irins.org/profile/21939,21939,0000-0003-1190-3910,7005049664,P-7856-2015,https://scholar.google.com/citations?user=c6jANkQA,109,1,,22,162,Multidisciplinary Chemistry
Dr N.K. Srivastava,Associate Professor,Department of Chemical Engineering,https://nitj.irins.org/profile/89971,89971,0001-7924-3395,57091225400,X-8402-2019,https://scholar.google.com/citations?user=b7nsRNcA,,,,,,Environmental Engineering
Dr Shailendra Bajpai,Associate Professor,Department of Chemical Engineering,https://nitj.irins.org/profile/90021,90021,0000-0001-9024-8656,57206400648,Y-1072-2019,-05K_goAAAAJ,59,1,,15,74,Chemical Engineering
Dr Poonam Gera,Associate Professor,Department of Chemical Engineering,https://nitj.irins.org/profile/90059,90059,0000-0003-4457-0999,57190955491,X-8427-2019,https://scholar.google.com/citations?user=1Y4T-kgA,50,3,,11,114,Chemical Engineering
Dr Jatinder Kumar Ratan,Associate Professor,Department of Chemical Engineering,https://nitj.irins.org/profile/90215,90215,0000-0002-0804-816X,57201499375,Y-2571-2019,PVpEQo,55,1,,13,143,Chemical Engineering
Dr Raj Kumar Arya,Associate Professor,Department of Chemical Engineering,https://nitj.irins.org/profile/90213,90213,0000-0003-1210-108X,56023616700,E-8633-2012,Dc3-hxwAAAAJ,144,4,,19,452,Chemical Engineering
Dr Umashankar Erigi,Assistant Professor (Grade-II),Department of Chemical Engineering,https://nitj.irins.org/profile/651930,651930,0000-0002-3255-2040,57222568265,,yaS7AFEAAAAJ,3,14,,2,5,Chemical Engineering
Dr Nitin Pandhare,Assistant Professor,Department of Chemical Engineering,https://nitj.irins.org/profile/90121,90121,0000-0001-9977-875X,57092692100,X-7970-2019,https://scholar.google.co.in/citations?user=dKulrt,15,1,,8,68,Chemical Engineering
Dr D Giribabu,Assistant Professor,Department of Chemical Engineering,https://nitj.irins.org/profile/90369,90369,0000-0002-5270-1445,56380553900,Y-1354-2019,https://scholar.google.co.in/citations?user=S8cDuZ,11,76,,5,23,Chemical Engineering
Dr Neetu  Divya,Assistant Professor,Department of Chemical Engineering,https://nitj.irins.org/profile/90173,90173,0000-0002-8151-0920,55095122700,X-8565-2019,0u7mV4cAAAAJ,21,1,,9,48,Chemical Engineering
Dr Anurag Kumar Tiwari,Assistant Professor,Department of Chemical Engineering,https://nitj.irins.org/profile/90169,90169,0000-0002-1360-1388,7101772284,I-3675-2017,lblRCPMAAAAJ,16,2,,,40,Chemical Engineering
Dr Amit Dhruv Saran,Assistant Professor,Department of Chemical Engineering,https://nitj.irins.org/profile/90165,90165,0000-0003-0541-3835,36553263600,Y-1838-2019,AmN6NbQAAAAJ,26,294,,8,49,Materials Science Multidisciplinary
Dr Deepak Sahu,Assistant Professor,Department of Chemical Engineering,https://nitj.irins.org/profile/90099,90099,0000-0002-0807-2717,57188584768,X-8494-2019,sahud@nitj.ac.in,33,1,,4,141,Chemical Engineering
Dr Anjireddy Bhavanam,Assistant Professor,Department of Chemical Engineering,https://nitj.irins.org/profile/89985,89985,0000-0001-8906-6775,55851682000,X-8604-2019,0Q_Z1FoAAAAJ&hl,25,1,,9,77,Chemical Engineering
Dr Shashikant Yadav,Assistant Professor,Department of Chemical Engineering,https://nitj.irins.org/profile/89951,89951,0000-0002-3772-1456,57214081423,X-7833-2019,https://scholar.google.co.in/citations?user=Zz9rLG,23,1,,10,61,Chemical Engineering
Prof Subhash Chander,Professor,Department of Mechanical Engineering,https://nitj.irins.org/profile/90279,90279,0000-0003-3849-7895,57194024754,X-8591-2019,chanders@nitj.ac.in,20,46,,3,14,Mechanical Engineering
Dr Joseph Anand Vaz,Professor,Department of Mechanical Engineering,https://nitj.irins.org/profile/90193,90193,0000-0003-1787-8023,7103061084,S-3373-2019,nDsPWCQAAAAJ,56,3,,9,37,Robotics
Dr Dushyant  Singh,Associate Professor,Department of Mechanical Engineering,https://nitj.irins.org/profile/132593,132593,0000-0003-1016-4407,57209912237,A-4962-2010,w_jAnoYAAAAJ,80,1,,14,71,Mechanical Engineering
Dr Rabinder Singh Bharj,Associate Professor,Department of Mechanical Engineering,https://nitj.irins.org/profile/89939,89939,,57190213344,X-8628-2019,R S bharj,60,1,,15,110,Energy and Fuels
Dr Sarbjot Singh Sandhu,Associate Professor,Department of Mechanical Engineering,https://nitj.irins.org/profile/90403,90403,0000-0003-2337-2256,56941472300,X-8486-2019,epuogiEAAAAJ,84,1,,14,133,Mechanical Engineering
Mr Ajay Trehan,Associate Professor,Department of Mechanical Engineering,https://nitj.irins.org/profile/90391,90391,0000-0002-7097-1094,,,,1,,,,1,Mechanical Engineering
Dr Rajeev Kukreja,Associate Professor,Department of Mechanical Engineering,https://nitj.irins.org/profile/90255,90255,0000-0001-7807-741X,57193812955,X-7820-2019,Xl5Kl8EA,53,1,,9,97,Mechanical Engineering
Dr S K Tiwari,Associate Professor,Department of Mechanical Engineering,https://nitj.irins.org/profile/90125,90125,0000-0003-2861-586x,36810783900,X-8520-2019,tiwarisk@nitj.ac.in,39,1,,14,57,Mechanical Engineering
Dr Pramod Kumar,Associate Professor,Department of Mechanical Engineering,https://nitj.irins.org/profile/89995,89995,0000-0003-4330-6002,57189844339,X-8098-2019,UllTk0AAAAJ,91,7,,20,234,Mechanical Engineering
Dr Dwesh Kumar Singh,Assistant Professor,Department of Mechanical Engineering,https://nitj.irins.org/profile/90167,90167,0000-0001-5228-3047,56673321400,N-6771-2017,NQajvcQAAAAJ&hl=en,37,2,,12,105,Mechanical Engineering
Dr Saurabh  Kango,Assistant Professor,Department of Mechanical Engineering,https://nitj.irins.org/profile/90179,90179,0000-0001-6156-3323,7801632289,I-1568-2019,Mjr3HCQAAAAJ,53,3,,15,196,Mechanical Engineering
Dr Ashok Kumar Bagha,Assistant Professor,Department of Mechanical Engineering,https://nitj.irins.org/profile/90201,90201,0000-0003-1455-9115,56529734900,Y-1298-2019,https://scholar.google.com/citations?user=7k6tzDAA,18,200,,8,49,Mechanical Engineering
Dr Sanjay Kumar,Assistant Professor,Department of Mechanical Engineering,https://nitj.irins.org/profile/90029,90029,0000-0002-0155-8757,57192280113,X-8465-2019,p2Btse4AAAAJ,53,1,,20,886,Mechanical Engineering
Dr Sumit Sharma,Assistant Professor,Department of Mechanical Engineering,https://nitj.irins.org/profile/90023,90023,0000-0002-8916-6036,55452680500,F-1324-2015,_n9bvLYAAAAJ,111,2,,18,255,Materials Science Composites
Dr Rajan Kumar,Assistant Professor,Department of Mechanical Engineering,https://nitj.irins.org/profile/90307,90307,0000-0002-9929-5915,57198684252,X-8430-2019,GNhYvuQAAAAJ&hl=en,77,1,,22,206,Mechanical Engineering
Dr Nitin Sharma,Assistant Professor,Department of Mechanical Engineering,https://nitj.irins.org/profile/90353,90353,0000-0001-6077-0224,57205972288,X-8877-2019,https://scholar.google.co.in/citations?hl=en&authu,40,3,,11,115,Mechanical Engineering
Dr Ranchan Chauhan,Assistant Professor,Department of Mechanical Engineering,https://nitj.irins.org/profile/90355,90355,0000-0001-7223-2829,55436643300,U-1685-2019,NaeTUpYAAAAJ,72,2,,34,320,Mechanical Engineering
Dr Satyender Singh,Assistant Professor,Department of Mechanical Engineering,https://nitj.irins.org/profile/90007,90007,0000-0001-7813-8139,56175934000,P-1364-2019,#NAME?,54,1,,20,92,Mechanical Engineering
Dr Manoj Kumar,Assistant Professor,Department of Mechanical Engineering,https://nitj.irins.org/profile/89999,89999,0000-0002-1847-1797,36866364100,X-7830-2019,iE7guc8AAAAJ,70,6,,10,112,Mechanical Engineering
Dr Harsh Kumar Verma,Professor,Department of Computer Science and Engineering,https://nitj.irins.org/profile/90371,90371,0000-0003-4826-6150,57204684351,Y-4606-2019,https://scholar.google.co.in/citations?hl=en&user=,290,8,,28,267,Computer Science Information Systems
Prof Amrit Lal  Sangal,Professor,Department of Computer Science and Engineering,https://nitj.irins.org/profile/90431,90431,0000-0003-2501-4014,56661082800,Z-5459-2019,S2tBrxcAAAAJ&hl=en,117,4,,17,93,Computer Science Information Systems
Mr Deepak Kumar Gupta,Associate Professor,Department of Computer Science and Engineering,https://nitj.irins.org/profile/89959,89959,0000-0001-9396-6100,56723372000,Y-4942-2019,https://scholar.google.co.in/citations?user=mb1pZX,21,49,,5,72,Computer Science Information Systems
Dr Rajneesh Rani,Associate Professor,Department of Computer Science and Engineering,https://nitj.irins.org/profile/90281,90281,0000-0003-2104-227X,36997524100,Y-2242-2019,VUihxm8AAAAJ,112,1,,14,162,Computer Science Artificial Intelligence
Dr Renu Dhir,Associate Professor,Department of Computer Science and Engineering,https://nitj.irins.org/profile/90405,90405,0003-1641-2619,26423661100,Y-4453-2019,,84,4,,14,100,Multidisciplinary Engineering
Sumit Kumar,Assistant Professor (Grade-II),Department of Computer Science and Engineering,https://nitj.irins.org/profile/652794,652794,,,,,,,,,,Computer Science Hardware and Architecture
Dr Prashant Kumar,Assistant Professor (Grade-II),Department of Computer Science and Engineering,https://nitj.irins.org/profile/73815,73815,0000-0001-8100-8220,57200376778,K-6989-2019,iTfItCMAAAAJ,33,1,,7,62,Computer Science Information Systems
Dr Armaan Garg,Assistant Professor (Grade-II),Department of Computer Science and Engineering,https://nitj.irins.org/profile/652791,652791,0000-0001-6796-1381,57489071600,LBH-5508-2024,W2lbSSMAAAAJ,16,1,,4,23,Computer Science Artificial Intelligence
Dr Pranjal Kumar,Assistant Professor (Grade-II),Department of Computer Science and Engineering,https://nitj.irins.org/profile/651971,651971,0000-0002-6167-9884,57220738187,OIS-3962-2025,rqVF0pkAAAAJ,13,1,,8,20,Computer Science Artificial Intelligence
Dr Prashant Shukla,Assistant Professor (Grade-II),Department of Computer Science and Engineering,https://nitj.irins.org/profile/649525,649525,0000-0001-7599-7982,57650530200,OIU-3601-2025,BUW0244AAAAJ,18,98,,5,26,Computer Science Information Systems
Mrs Madhurima Buragohain,Assistant Professor (Grade-II),Department of Computer Science and Engineering,https://nitj.irins.org/profile/602940,602940,0000-0002-9411-5743,57203248987,MEP-4159-2025,E9bb5RsAAAAJ,11,28,,4,16,Computer Science Information Systems
Dr Muktesh Gupta,Assistant Professor (Grade-II),Department of Computer Science and Engineering,https://nitj.irins.org/profile/582627,582627,0000-0002-3135-8588,57536785700,,,20,1,,8,46,Computer Science Artificial Intelligence
Dr Himanshu Verma,Assistant Professor (Grade-II),Department of Computer Science and Engineering,https://nitj.irins.org/profile/386631,386631,0000-0002-6943-999X,56785426800,ABR-3115-2022,MD55-F8AAAAJ,20,164,,6,71,Computer Science Theory and Methods
Dr Banalaxmi Brahma,Assistant Professor (Grade-II),Department of Computer Science and Engineering,https://nitj.irins.org/profile/343213,343213,0000-0002-0647-0359,57217113847,HMD-6587-2023,HD958GcAAAAJ,14,2,,4,30,Computer Science Artificial Intelligence
Dr Shefali Arora Chouhan,Assistant Professor (Grade-II),Department of Computer Science and Engineering,https://nitj.irins.org/profile/339304,339304,0000-0002-8839-749X,57207977735,HMD-8033-2023,RYm6f-YAAAAJ,29,2,,9,49,Computer Science Artificial Intelligence
Dr Jagdeep Kaur,Assistant Professor (Grade-II),Department of Computer Science and Engineering,https://nitj.irins.org/profile/130772,130772,0000-0002-9538-8022,10240510100,,kaurj@nitj.ac.in,27,1,,4,24,Computer Science Software Engineering
Dr Aruna Malik,Assistant Professor (Grade-II),Department of Computer Science and Engineering,https://nitj.irins.org/profile/130114,130114,0000-0003-1136-6828,57212400824,AAL-1997-2020,3D73AlMAAAAJ,88,1,,19,225,Computer Science Information Systems
Dr Amritpal Singh,Assistant Professor (Grade-II),Department of Computer Science and Engineering,https://nitj.irins.org/profile/114058,114058,0000-0002-2080-7392,57212845937,AAS-9168-2020,At9LsDsAAAAJ,35,3,,6,62,Computer Science Information Systems
Dr Urvashi Bansal,Assistant Professor (Grade-I),Department of Computer Science and Engineering,https://nitj.irins.org/profile/103139,103139,0000-0002-3395-9942,55532227700,AAD-4732-2019,1dpDSxIAAAAJ,48,1,,7,85,Computer Science Information Systems
Dr Nagendra Pratap  Singh,Assistant Professor (Grade-I),Department of Computer Science and Engineering,https://nitj.irins.org/profile/101398,101398,,56784812400,,PGL06IIAAAAJ,60,2,,14,131,Computer Science Artificial Intelligence
Dr KUNWAR PAL,Assistant Professor,Department of Computer Science and Engineering,https://nitj.irins.org/profile/130134,130134,0000-0001-9482-696X,56146361600,A-5785-2019,c8ETTk8AAAAJ,28,1,,7,107,Computer Science Theory and Methods
Dr Manoj Kumar Somesula,Assistant Professor,Department of Computer Science and Engineering,https://nitj.irins.org/profile/236795,236795,0000-0002-2323-0103,57222527293,AAK-1099-2021,IR-RwgoAAAAJ,18,188,,8,33,Computer Science Theory and Methods
Dr LALATENDU BEHERA,Assistant Professor,Department of Computer Science and Engineering,https://nitj.irins.org/profile/114012,114012,0000-0002-5932-6596,55124660700,AAS-9207-2020,UerEKpIAAAAJ,9,42,,4,4,Computer Science Theory and Methods
Dr SHVETA MAHAJAN,Assistant Professor,Department of Computer Science and Engineering,https://nitj.irins.org/profile/343239,343239,0000-0002-5645-9780,53983023800,E-5728-2012,Wxjd84AAAAAJ,21,141,,3,47,Computer Science Artificial Intelligence
Dr Swarnima Singh Gautam,Assistant Professor,Department of Computer Science and Engineering,https://nitj.irins.org/profile/479918,479918,0000-0002-7565-2092,57190806402,JXL-4824-2024,,5,1,,4,4,Computer Science Software Engineering
Mr Rahul Aggarwal,Assistant Professor,Department of Computer Science and Engineering,https://nitj.irins.org/profile/90393,90393,,,GNW-3046-2022,KM53GUMAAAAj,,,,,,Computer Science Software Engineering
Dr Krishna Pal Sharma,Assistant Professor,Department of Computer Science and Engineering,https://nitj.irins.org/profile/90249,90249,0000-0003-2672-3154,57209161795,Y-4505-2019,QM9qltUAAAAJ,56,3,,,428,Computer Science Information Systems
Dr Avtar Singh,Assistant Professor,Department of Computer Science and Engineering,https://nitj.irins.org/profile/90177,90177,,57209902520,Z-2915-2019,UN4_VkEAAAAJ,33,88,,6,26,Computer Science Information Systems
Dr Kuldeep Kumar,Assistant Professor,Department of Computer Science and Engineering,https://nitj.irins.org/profile/90087,90087,0000-0003-1160-9092,57202765898,Y-4439-2019,H7jzu-QAAAAJ&hl=en,62,5,,8,102,Computer Science Software Engineering
Dr Samayveer Singh,Assistant Professor,Department of Computer Science and Engineering,https://nitj.irins.org/profile/90031,90031,0000-0002-4199-721X,57209533254,X-8119-2019,https://scholar.google.co.in/citations?user=DONY6G,163,1,,25,382,Computer Science Information Systems
Dr Sarwan Kumar,Professor,Department of Instrumentation and Control Engineering,https://nitj.irins.org/profile/90009,90009,0000-0003-1471-668,22836340200,U-7108-2019,https://scholar.google.com/citations?user=LnrYtjMA,45,4,,7,53,Multidisciplinary Engineering
Prof Ajai Kumar jain,Professor,Department of Instrumentation and Control Engineering,https://nitj.irins.org/profile/98011,98011,0000-0003-2142-1771,57217603367,,DmVXcVAAAAAJ,66,1,,4,16,Multidisciplinary Engineering
Prof Kuldeep Singh Nagla,Professor,Department of Instrumentation and Control Engineering,https://nitj.irins.org/profile/89993,89993,0000-0001-5147-9603,16233981100,X-8867-2019,q-_jk8wAAAAJ,67,1,,10,27,Agronomy
Mr Narinder Singh Bhangal,Associate Professor,Department of Instrumentation and Control Engineering,https://nitj.irins.org/profile/90267,90267,0000-0002-6327-7627,57192414286,Y- 1065-2019,6DSd1AQAAAAJ,26,1,,2,18,Multidisciplinary Engineering
Dr Sheela Tiwari Tiwari,Associate Professor,Department of Instrumentation and Control Engineering,https://nitj.irins.org/profile/90109,90109,0000-0003-4204-4135,57208894482,GHM-7368-2022,SheelaTiwari,34,1,,7,30,Electrical and Electronic Engineering
Prof Rajesh Singla,Associate Professor,Department of Instrumentation and Control Engineering,https://nitj.irins.org/profile/90081,90081,,22836038700,P-3776-2015,,62,1,,10,81,Instruments and Instrumentation
Dr Roop Pahuja,Associate Professor,Department of Instrumentation and Control Engineering,https://nitj.irins.org/profile/90079,90079,0000-0002-1575-9349,22836470800,X-8544-2019,o7GmAm8AAAAJ,69,2,,11,79,Instruments and Instrumentation
Dr Deblina Biswas,Assistant Professor (Grade-II),Department of Instrumentation and Control Engineering,https://nitj.irins.org/profile/275481,275481,0000-0003-4411-3165,56606755000,F-8926-2017,N8s-f_gAAAAJ,41,12,,16,252,Multidisciplinary Engineering
Dr Anil Kumar Yadav,Assistant Professor (Grade-I),Department of Instrumentation and Control Engineering,https://nitj.irins.org/profile/155520,155520,0000-0001-9264-0977,37058062500,AAZ-9867-2021,FLmQircAAAAJ,89,2,,27,172,Electrical and Electronic Engineering
Dr Richa Sharma,Assistant Professor (Grade-I),Department of Instrumentation and Control Engineering,https://nitj.irins.org/profile/341131,341131,,56182834900,,zpggVB0AAAAJ,25,825,,13,59,Biomedical Engineering
Dr Afzal Sikander,Assistant Professor,Department of Instrumentation and Control Engineering,https://nitj.irins.org/profile/90127,90127,0000-0002-9165-3167,56652135500,N-8387-2017,NsR5pAoAAAAJ,83,1,,18,152,Multidisciplinary Engineering
Dr Sathiya S,Assistant Professor,Department of Instrumentation and Control Engineering,https://nitj.irins.org/profile/90129,90129,0000-0002-4944-3174,55657970900,N-6890-2017,3BJh3xEAAAAJ,22,74,,6,26,Instruments and Instrumentation
Dr Amit Kumar Singh,Assistant Professor,Department of Instrumentation and Control Engineering,https://nitj.irins.org/profile/90145,90145,0000-0002-1571-3455,56330906800,L-3409-2016,,43,2,,8,69,Instruments and Instrumentation
Dr Karan Veer,Assistant Professor,Department of Instrumentation and Control Engineering,https://nitj.irins.org/profile/90357,90357,0000-0003-2842-9397,56381579700,I-6528-2017,https://scholar.google.co.in/citations?user=dn2e--,79,1,,14,71,Instruments and Instrumentation
Dr Om Prakash Verma,Assistant Professor,Department of Instrumentation and Control Engineering,https://nitj.irins.org/profile/90057,90057,0000-0002-7421-295X,56594677400,S-5642-2017,https://scholar.google.co.in/citations?user=127RG7,8,6,,1,63,Automation and Control Systems
Karan Veer,Assistant Professor,Department of Instrumentation and Control Engineering,https://nitj.irins.org/profile/98263,98263,,56381579700,I-6528-2017,,79,1,,14,71,Biomedical Engineering
Dr Karan Jain,Assistant Professor,Department of Instrumentation and Control Engineering,https://nitj.irins.org/profile/107380,107380,0000-0002-5011-6795,56193095300,AAS-9171-2020,https://scholar.google.co.in/citations?user=asu9hv,19,1,,5,28,Biomedical Engineering
Dr Mahendra Kumar,Assistant Professor,Department of Instrumentation and Control Engineering,https://nitj.irins.org/profile/339290,339290,0000-0002-9548-8357,57214630136,K-5315-2017,ucki5NUAAAAJ,52,1,,17,133,Automation and Control Systems
Prof Asim Kumar Jana,Professor,Department of Biotechnology,https://nitj.irins.org/profile/92027,92027,0000-0002-1182-7391,35786259900,Y-1732-2019,,101,5,,25,457,Multidisciplinary Engineering
Dr NITAI BASAK,Associate Professor,Department of Biotechnology,https://nitj.irins.org/profile/90187,90187,0000-0002-6539-8609,15764483900,Y-4752-2019,https://scholar.google.co.in/citations?user=eHodNG,40,1,,20,38,Multidisciplinary Engineering
Dr Chandi  Patra,Assistant Professor (Grade-II),Department of Biotechnology,https://nitj.irins.org/profile/340000,340000,0000-0002-9839-7426,57204469400,GPX-8280-2022,uQ1dAt8AAAAJ,15,1,,15,53,Environmental Engineering
Dr Mahesh Kumar Sah,Assistant Professor,Department of Biotechnology,https://nitj.irins.org/profile/90003,90003,0000-0002-7380-809X,49662349800,X-8406-2019,,43,2,,10,129,Multidisciplinary Engineering
Dr Nikhil GN,Assistant Professor,Department of Biotechnology,https://nitj.irins.org/profile/90107,90107,0000-0002-4858-2439,55290323700,KTN-0760-2024,5y5Uev4AAAAJ,40,2,,19,127,Multidisciplinary Engineering
Dr Anee  Mohanty,Assistant Professor,Department of Biotechnology,https://nitj.irins.org/profile/90111,90111,0000-0002-8300-5549,55974871000,Y-1346-2019,,7,1,,1,21,Environmental Engineering
Dr Indu Chauhan,Assistant Professor,Department of Biotechnology,https://nitj.irins.org/profile/90119,90119,0000-0001-6501-2430,55930303700,X-9867-2019,GVZlQ4AAAAJ,21,1,,17,53,Nanoscience and Nanotechnology
Dr SumerSingh Meena,Assistant Professor,Department of Biotechnology,https://nitj.irins.org/profile/90191,90191,0000-0002-3932-2643,56992647700,X-9901-2019,0_j6vRcAAAAJ,18,1,,3,46,Biotechnology and Applied Microbiology
Dr Prangya Ranjan Rout,Assistant Professor,Department of Biotechnology,https://nitj.irins.org/profile/341590,341590,0000-0001-9263-3806,56009296600,AEM-2331-2022,Z6mDrVAAAAAJ,138,1,,24,453,Environmental Engineering
Dr R R Sinha,Associate Professor,Department of Mathematics and Computing,https://nitj.irins.org/profile/90161,90161,0000-0001-6386-1973,56080938200,Y-2236-2019,https://scholar.google.com/citations?user=DCir8sIA,28,1,,4,17,Statistics and Probability
Prof Binod Kumar Kanaujia,Director,Department of Electronics and Communication Engineering,https://nitj.irins.org/profile/60657,60657,0000-0002-7849-5299,56962785800,,5-GFaNYAAAAJ,488,4,,46,460,Multidisciplinary Engineering
Dr Barjinder Singh Saini,Professor,Department of Electronics and Communication Engineering,https://nitj.irins.org/profile/90313,90313,,56699726600,Y-2321-2019,JuxITvcAAAAJ,131,3,,15,152,Electrical and Electronic Engineering
Prof Arun Khosla,Professor,Department of Electronics and Communication Engineering,https://nitj.irins.org/profile/90341,90341,0000-0001-8571-7614,56227861800,3116225,bwZHQ8EAAAAJ,164,3,,20,146,Multidisciplinary Engineering
Dr R K Sarin,Professor,Department of Electronics and Communication Engineering,https://nitj.irins.org/profile/90327,90327,0000-0002-3822-9092,56653188000,Q-3316-2019,,59,6,,5,56,Electrical and Electronic Engineering
Dr Balwinder Raj,Associate Professor,Department of Electronics and Communication Engineering,https://nitj.irins.org/profile/90185,90185,0000-0002-3065-6313,23009907800,Q-3308-2019,MsUhV24AAAAJ,282,2,,61,450,Electrical and Electronic Engineering
Dr Asutosh Kar,Associate Professor,Department of Electronics and Communication Engineering,https://nitj.irins.org/profile/339780,339780,0000-0003-0011-0069,37049070900,N-4725-2016,nbc4GjgAAAAJ,120,11,,14,297,Electrical and Electronic Engineering
Dr Neetu Sood,Associate Professor,Department of Electronics and Communication Engineering,https://nitj.irins.org/profile/90297,90297,0000-0001-7475-8672,35100900900,X-8624-2019,5sVPsTUAAAAJ,73,1,,13,119,Electrical and Electronic Engineering
Dr Ashish Raman,Associate Professor,Department of Electronics and Communication Engineering,https://nitj.irins.org/profile/90303,90303,0000-0002-6720-373X,55031124900,X-8646-2019,https://scholar.google.co.in/citations?user=Kijr1p,149,1,,17,346,Electrical and Electronic Engineering
Dr Deepti Kakkar,Associate Professor,Department of Electronics and Communication Engineering,https://nitj.irins.org/profile/90315,90315,0000-0002-9681-1291,55232174500,v-6069-2019,https://scholar.google.com/citations?user=B5NJ_AMA,92,1,,13,175,Electrical and Electronic Engineering
Dr Ramesh Kumar Sunkaria,Associate Professor,Department of Electronics and Communication Engineering,https://nitj.irins.org/profile/90317,90317,0000-0003-0139-0023,35787505800,X-9899-2019,7p7UdYYAAAAJ,157,2,,20,218,Electrical and Electronic Engineering
Dr Mamta Khosla,Associate Professor,Department of Electronics and Communication Engineering,https://nitj.irins.org/profile/90321,90321,0000-0002-4843-0160,25031847700,3116149,UqaHwcAAAAAJ,82,1,,20,150,Electrical and Electronic Engineering
Dr Sachchidanand Sachchidanand,Assistant Professor (Grade-II),Department of Electronics and Communication Engineering,https://nitj.irins.org/profile/625502,625502,0000-0003-4619-929X,57210428818,ISU-2703-2023,b706_rwAAAAJ,20,159,,6,38,Electrical and Electronic Engineering
Dr Roshan Bodile,Assistant Professor (Grade-II),Department of Electronics and Communication Engineering,https://nitj.irins.org/profile/339464,339464,0000-0003-0925-7438,57219120516,AAQ-6098-2021,SshPXWIAAAAJ,17,48,,5,43,Biomedical Engineering
Dr Rohit Singh,Assistant Professor (Grade-II),Department of Electronics and Communication Engineering,https://nitj.irins.org/profile/339152,339152,0000-0002-3330-1710,57213969967,AAF-1141-2021,sKTZXpQAAAAJ,42,2,,13,221,Telecommunications
Dr Robin Kalyan,Assistant Professor (Grade-I),Department of Electronics and Communication Engineering,https://nitj.irins.org/profile/651863,651863,0000-0001-8478-1948,56005046600,ISB-2677-2023,0yFPib4AAAAJ,18,1,,6,75,Electrical and Electronic Engineering
Dr Pawan Kumar Verma,Assistant Professor,Department of Electronics and Communication Engineering,https://nitj.irins.org/profile/90325,90325,0000-0002-8380-2003,35333089400,Y-2197-2019,Wsp4EOwAAAAJ,36,1,,8,145,Computer Science Interdisciplinary SCI
Dr Manjeet Singh,Assistant Professor,Department of Electronics and Communication Engineering,https://nitj.irins.org/profile/113985,113985,0000-0001-6979-090X,57192093689,L-4135-2019,CU5RlLYAAAAJ,11,24,,,27,Multidisciplinary Engineering
Dr Tarun Chaudhary,Assistant Professor,Department of Electronics and Communication Engineering,https://nitj.irins.org/profile/114041,114041,0000-0003-1854-4535,55319495600,AAS-3431-2020,EyyFS8MAAAAJ,13,6,,,47,Electrical and Electronic Engineering
Dr Kundan Kumar,Assistant Professor,Department of Electronics and Communication Engineering,https://nitj.irins.org/profile/226842,226842,,57195535030,,,31,2,,9,86,Electrical and Electronic Engineering
Dr Sateesh Awasthi,Assistant Professor,Department of Electronics and Communication Engineering,https://nitj.irins.org/profile/90293,90293,0000-0002-9775-3847,57211775667,Y-2191-2019,2NOoOgsAAAAJ,26,1,,5,19,Electrical and Electronic Engineering
Dr Aijaz Mehdi  Zaidi,Assistant Professor,Department of Electronics and Communication Engineering,https://nitj.irins.org/profile/339389,339389,0000-0002-8794-4690,56203809800,AEK-5190-2022,62jk_moAAAAJ,46,4,,10,219,Electrical and Electronic Engineering
Dr Sukwinder Singh,Assistant Professor,Department of Electronics and Communication Engineering,https://nitj.irins.org/profile/90219,90219,0000-0002-0780-949X,57211843318,Q-5346-2019,bptO870AAAAJ,28,77,,4,36,Telecommunications
Dr Nitesh Kashyap,Assistant Professor,Department of Electronics and Communication Engineering,https://nitj.irins.org/profile/90205,90205,0000-0002-2366-4403,56329269500,Q-3307-2019,a2uf27oAAAAJ,38,3,,7,60,Telecommunications
Dr Indu Saini,Assistant Professor,Department of Electronics and Communication Engineering,https://nitj.irins.org/profile/90197,90197,0000-0003-3983-913X,55808082700,P-6034-2015,3RND6lUAAAAJ&hl,105,1,,13,175,Biomedical Engineering
Dr Nitesh Kashyap,Assistant Professor,Department of Electronics and Communication Engineering,https://nitj.irins.org/profile/89969,89969,0000-0002-2366-4403,56329269500,Q-3307-2019,a2uf27oAAAAJ,38,3,,7,60,Electrical and Electronic Engineering
Dr Arvind  Kumar  Agnihotri,Professor,Department of Civil Engineering,https://nitj.irins.org/profile/90269,90269,0000-0002-9021-5931,57208466904,X-9157-2019,zYs3TaAAAAAJ,101,3,,13,43,Civil Engineering
Prof Amrit Pal Singh,Professor,Department of Civil Engineering,https://nitj.irins.org/profile/90275,90275,,55487563500,Y-2245-2019,,23,1,,6,31,Civil Engineering
Prof Surinder Pal Singh,Professor,Department of Civil Engineering,https://nitj.irins.org/profile/90199,90199,0000-0002-0508-7171,56192292200,X-5661-2019,W3iAUI,35,2,,,163,Civil Engineering
Dr Hemant Chore,Associate Professor,Department of Civil Engineering,https://nitj.irins.org/profile/90361,90361,0000-0003-1546-2606,23567596800,Y-2189-2019,https://scholar.google.co.in/citations?user=ZEqqCi,296,1,,13,158,Civil Engineering
Dr Abhishek  Sharma,Assistant Professor (Grade-II),Department of Civil Engineering,https://nitj.irins.org/profile/340482,340482,0000-0002-6289-6063,57219554269,HMD-7471-2023,Z_qdfs0AAAAJ,7,,,,17,Civil Engineering
Dr VINIL KUMAR GADE,Assistant Professor (Grade-II),Department of Civil Engineering,https://nitj.irins.org/profile/340181,340181,0000-0001-9360-9234,57076436400,O-7875-2019,gONBK5UAAAAJ,19,1,,7,12,Civil Engineering
Dr Roop Kishor,Assistant Professor (Grade-II),Department of Civil Engineering,https://nitj.irins.org/profile/339293,339293,0000-0002-2075-8009,57481253700,HMD-7047-2023,cizw80IAAAAJ,11,1,,4,20,Civil Engineering
Dr Koteswaraarao Jadda,Assistant Professor (Grade-II),Department of Civil Engineering,https://nitj.irins.org/profile/272128,272128,0000-0003-3672-8936,57216493022,HMD-6948-2023,6PszYn4AAAAJ,16,247,,9,22,Civil Engineering
Dr Neelam Rani,Assistant Professor (Grade-I),Department of Civil Engineering,https://nitj.irins.org/profile/130072,130072,0000-0001-6514-1304,57209032361,AAS-2748-2020,https://scholar.google.com/citations?hl=en&authuse,30,1,,2,38,Civil Engineering
Dr S Rupali,Assistant Professor,Department of Civil Engineering,https://nitj.irins.org/profile/90323,90323,0000-0002-6048-5885,7801640574,C-8307-2019,https://scholar.google.co.in/citations?user=xPjVua,46,2,,5,98,Multidisciplinary Engineering
Dr M Abdul Akbar,Assistant Professor,Department of Civil Engineering,https://nitj.irins.org/profile/122563,122563,0000-0002-4221-4395,57188689756,AAS-1721-2020,cTnqt9MAAAAJ,57,1,,9,92,Civil Engineering
Dr Davinder Singh,Assistant Professor,Department of Civil Engineering,https://nitj.irins.org/profile/90349,90349,0000-0003-4735-9013,57209912258,x-9900-2019,7e8I0JMAAAAJ,62,3,,11,67,Multidisciplinary Engineering
Dr K Senthil,Assistant Professor,Department of Civil Engineering,https://nitj.irins.org/profile/90347,90347,0000-0001-5051-0920,55345830000,O-8133-2017,https://scholar.google.co.in/citations?hl=en&user=,113,4,,14,214,Mechanics
Mrs Shailja Bawa,Assistant Professor,Department of Civil Engineering,https://nitj.irins.org/profile/90311,90311,0000-0002-8831-0841,57210596804,V-1122-2019,https://scholar.google.co.in/citations?user=3F2DBn,35,1,,1,12,Civil Engineering
Dr Rajiv Kumar,Assistant Professor,Department of Civil Engineering,https://nitj.irins.org/profile/90295,90295,0000-0003-2114-978X,57214462163,X-8642-2019,https://scholar.google.co.in/citations?user=7MTrUm,67,1,,22,136,Civil Engineering
Dr Shashi Kant Sharma,Assistant Professor,Department of Civil Engineering,https://nitj.irins.org/profile/90217,90217,0000-0002-5335-9602,57862167700,X-9755-2019,EWG-qssAAAAJ,47,280,,10,72,Civil Engineering
Dr Kanish Kapoor,Assistant Professor,Department of Civil Engineering,https://nitj.irins.org/profile/90211,90211,0000-0002-8284-165x,57191666881,Y-1201-2019,LTDhhNwAAAAJ,72,4,,14,171,Multidisciplinary Engineering
Dr Mahesh Patel,Assistant Professor,Department of Civil Engineering,https://nitj.irins.org/profile/90207,90207,0000-0001-8679-3205,56589357200,X-8468-2019,Pt9J-NwAAAAJ,56,1,,15,109,Civil Engineering
Dr Navdeep Singh,Assistant Professor,Department of Civil Engineering,https://nitj.irins.org/profile/90203,90203,,57214659001,X-8619-2019,K834eKgAAAAJ,60,3,,19,128,Civil Engineering
Prof S J S Bedi,Professor,Department of Humanities and Management,https://nitj.irins.org/profile/94278,94278,0000-0001-8121-624X,57194168101,AAT-1106-2020,8G-jOxwAAAAJ,15,100,,4,24,Interdisciplinary Social Sciences
Dr Jagwinder Singh Pandher,Associate Professor,Department of Humanities and Management,https://nitj.irins.org/profile/92933,92933,0000-0001-7556-8168,57149356800 and 57204172882,U-6773-2019,https://scholar.google.co.in/citations?user=bzOdHt,20,116,,,26,Management
Prof Satish Chandra Pant,Assistant Professor (Grade-II),Department of Humanities and Management,https://nitj.irins.org/profile/284672,284672,0000-0002-1503-804X,57949101500,GNP-0652-2022,VUsu8zAAAAAJ,34,1,,3,82,Management
Dr Nagendra Singh Nehra,Assistant Professor (Grade-II),Department of Humanities and Management,https://nitj.irins.org/profile/341514,341514,,,,,,,,,,
Dr Vaibhav Pathak,Assistant Professor (Grade-II),Department of Humanities and Management,https://nitj.irins.org/profile/651877,651877,0000-0001-8118-2130,58622126400,NCU-9305-2025,9zSbxNoAAAAJ,4,,,,1,"Humanities, Multidisciplinary"
Dr Ravina Toppo,Assistant Professor (Grade-II),Department of Humanities and Management,https://nitj.irins.org/profile/652686,652686,0000-0001-5987-0834,58045788200,OIU-7317-2025,72n_ykQAAAAJ,4,,,,2,Language and Linguistics
Dr Aditya Prakash,Assistant Professor (Grade-I),Department of Humanities and Management,https://nitj.irins.org/profile/286132,286132,,,,,4,,,,3,Language and Linguistics
Dr Gyan Prakash,Assistant Professor,Department of Humanities and Management,https://nitj.irins.org/profile/89975,89975,0000-0003-1063-0711,57698843400,R-4994-2019,2yRcKGgAAAAJ,33,1,,15,82,Management
Dr Shyamkiran Kaur,Assistant Professor,Department of Humanities and Management,https://nitj.irins.org/profile/90013,90013,0000-0002-8182-361X,57221328883,AEJ-6226-2022,0UtoemgAAAAJ,7,2,,1,3,Literature
Dr Aditya Prakash,Assistant Professor,Department of Humanities and Management,https://nitj.irins.org/profile/90305,90305,,,,,,,,,,Language and Linguistics
Dr Preeti Puri,Assistant Professor,Department of Humanities and Management,https://nitj.irins.org/profile/92039,92039,0000-0002-6822-5420,57221327220,AAQ-9039-2021,QJNq4-YAAAAJ,8,,,,4,Literary Theory and Criticism
Dr Radhakrishna G S,Assistant Professor,Department of Humanities and Management,https://nitj.irins.org/profile/341245,341245,,57211346628,,wsFQEY4AAAAJ,6,38,,2,14,"Business, Finance"
Dr Gaurav Kumar,Assistant Professor,Department of Humanities and Management,https://nitj.irins.org/profile/342678,342678,0000-0001-9067-4161,57198436657,AAV-4606-2021,3pJ2YPIAAAAJ,16,2,,6,27,"Humanities, Multidisciplinary"
Dr Vishal Santosh Sharma,Professor,Department of Industrial and Production Engineering,https://nitj.irins.org/profile/90175,90175,0000-0002-6200-7422,57189022566,D-5764-2019,https://scholar.google.co.in/citations?user=hIExzC,149,3,,41,441,Manufacturing Engineering
Prof Arvind Bhardwaj,Professor,Department of Industrial and Production Engineering,https://nitj.irins.org/profile/90387,90387,0000-0002-8162-3941,7101752779,R-9358-2019,stMEHeUAAAAJ,108,1,,16,154,Industrial Engineering
Prof Anish Sachdeva,Professor,Department of Industrial and Production Engineering,https://nitj.irins.org/profile/90425,90425,0000-0002-7884-9982,24537822600,Q-9029-2016,SU2OWbUAAAAJ,334,5,,37,451,Industrial Engineering
Dr Rajiv Kumar Garg,Professor,Department of Industrial and Production Engineering,https://nitj.irins.org/profile/89983,89983,0000-0001-7949-678X,35188958800,D-5130-2014,mJIUC0UAAAAJ,89,2,,20,213,Manufacturing Engineering
Dr RAJEEV TREHAN,Associate Professor,Department of Industrial and Production Engineering,https://nitj.irins.org/profile/90071,90071,0000-0001-8148-0031,57195241778,,https://scholar.google.co.in/citations?user=JiD93Z,60,1,,10,120,Industrial Engineering
Dr Shailendra Singh Bhadauria,Associate Professor,Department of Industrial and Production Engineering,https://nitj.irins.org/profile/90301,90301,0000-0002-9790-0771,55907294400,1612714,-875CKoAAAAJ,52,1,,9,109,Mechanical Engineering
Prof Raj Kumar Bansal,Associate Professor,Department of Industrial and Production Engineering,https://nitj.irins.org/profile/92939,92939,0000-0002-4549-9322,,Y-3970-2019,bansalrk@nitj.ac.in,5,1,,1,12,Industrial Engineering
Dr Ajay  Gupta,Associate Professor,Department of Industrial and Production Engineering,https://nitj.irins.org/profile/94216,94216,0000-0002-2952-6474,56125845300,X-3096-2019,https://scholar.google.co.in/citations?user=tU2hq0,,,,,,Industrial Engineering
Dr Lakhwinder Pal Singh,Associate Professor,Department of Industrial and Production Engineering,https://nitj.irins.org/profile/97415,97415,0000-0002-9004-145X,57194706880,3108705,X5Bjw-wAAAAJ,7,106,,,15,Industrial Engineering
Dr Rakesh Kumar,Associate Professor,Department of Industrial and Production Engineering,https://nitj.irins.org/profile/97851,97851,0000-0003-1232-3010,57216257235,X-9926-2019,Va5Zy2kAAAAJ,,,,,,Industrial Engineering
Dr Varun Sharma,Assistant Professor (Grade-II),Department of Industrial and Production Engineering,https://nitj.irins.org/profile/93269,93269,0000-0002-3767-9622,55463047600,Y-1927-2019,https://scholar.google.co.in/citations?hl=en&user=,62,1,,14,205,Manufacturing Engineering
Dr Rudranarayan kandi,Assistant Professor (Grade-II),Department of Industrial and Production Engineering,https://nitj.irins.org/profile/343336,343336,0000-0003-0992-486X,57221783638,,3UXdPgIAAAAJ,16,103,,5,48,Manufacturing Engineering
Dr Gurraj Singh,Assistant Professor (Grade-II),Department of Industrial and Production Engineering,https://nitj.irins.org/profile/130133,130133,,,,,,,,,,Manufacturing Engineering
Dr Narendra  Kumar,Assistant Professor (Grade-II),Department of Industrial and Production Engineering,https://nitj.irins.org/profile/130049,130049,0000-0003-3372-9378,57203626766,K-8255-2018,DGNTCYEAAAAJ&hl=en,61,3,,12,204,Manufacturing Engineering
Dr Aviral Misra,Assistant Professor,Department of Industrial and Production Engineering,https://nitj.irins.org/profile/111325,111325,0000-0003-3653-7574,57195354118,A-4463-2019,https://scholar.google.co.in/citations?user=491uIX,25,1,,7,42,Manufacturing Engineering
Dr Mohit  Tyagi,Assistant Professor,Department of Industrial and Production Engineering,https://nitj.irins.org/profile/94213,94213,0000-0002-7995-6990,56102678200,3056399,enGoLCQAAAAJ,111,3,,23,292,Industrial Engineering
Dr RAVI PRATAP SINGH,Assistant Professor,Department of Industrial and Production Engineering,https://nitj.irins.org/profile/92957,92957,0000-0001-5827-3560,56999395200,P-9486-2019,siVGbwEAAAAJ,261,7,,49,456,Manufacturing Engineering
Dr Sumit Kumar Sharma,Assistant Professor,Department of Industrial and Production Engineering,https://nitj.irins.org/profile/170831,170831,0000-0002-8946-7533,,https://www.researchgate.net/profile/Sumit_Sharma3,https://scholar.google.co.in/citations?user=zUd3EzwAAAAJ&hl=en#,12,1,,4,43,Metallurgy and Metallurgical Engineering
Dr Rajeev Verma,Assistant Professor,Department of Industrial and Production Engineering,https://nitj.irins.org/profile/90015,90015,0000-0001-5566-9834,57188871084,X-8993-2019,https://scholar.google.co.in/citations?user=1BuQRe,64,2,,16,225,Manufacturing Engineering
Dr Rohit Mehra,Professor,Department of Physics,https://nitj.irins.org/profile/89977,89977,0000-0001-8925-5912,15219829700,E-1661-2015,fb0aZBAAAAAJ,317,3,,36,452,Nuclear Science and Technology
Dr Harish Mohan Mittal,Professor,Department of Physics,https://nitj.irins.org/profile/98087,98087,0000-0002-5306-6279,26635739900,X-9906-2019,https://scholar.google.co.in/citations?user=khY76c,52,1,,8,38,Nuclear Physics
Dr Abhinav Pratap Singh,Associate Professor,Department of Physics,https://nitj.irins.org/profile/89943,89943,0000-0001-7449-9623,55726465200,X-7962-2019,,57,3,,17,267,Condensed Matter Physics
Dr Jyoti Bharj,Associate Professor,Department of Physics,https://nitj.irins.org/profile/89957,89957,,36871576100,X 8417-2019,,18,1,,4,30,Condensed Matter Physics
Dr Praveen  Malik,Associate Professor,Department of Physics,https://nitj.irins.org/profile/90265,90265,0000-0001-7872-1260,7103281007,3104457,,12,,,,14,Condensed Matter Physics
Dr Harleen Dahiya,Associate Professor,Department of Physics,https://nitj.irins.org/profile/92937,92937,0000-0002-3288-2250,6603545587,A-6536-2016,,130,6,,18,145,Theoretical High Energy Physics
Dr Shubhchintak .,Assistant Professor (Grade-II),Department of Physics,https://nitj.irins.org/profile/651935,651935,0000-0002-0658-9608,55670592800,N-6671-2019,,37,10,,11,96,Nuclear Physics
Dr Suneel Dutt,Assistant Professor,Department of Physics,https://nitj.irins.org/profile/90123,90123,0000-0002-0307-2291,7006834489,O-6171-2018,N84DLpQAAAAJ,544,58,,87,2475,Particles and Fields Physics
Dr Shishram Rebari,Assistant Professor,Department of Physics,https://nitj.irins.org/profile/90337,90337,0000-0003-4943-6609,57194897364,U-5852-2019,m4cBL5wAAAAJ,8,3,,4,38,Applied Physics
Dr Kiran Singh,Assistant Professor,Department of Physics,https://nitj.irins.org/profile/90381,90381,0000-0002-1600-7210,7404762832,V-4790-2019,Cd_tFkUAAAAJ&hl,133,4,,26,453,Multidisciplinary Physics
Prof Arvinder  Singh,Professor (HAG),Department of Physics,https://nitj.irins.org/profile/90329,90329,0000-0002-0628-7861,7407707551,Y-2639-2019,cTkda4oAAAAJ,123,1,,20,82,Fluids and Plasmas Physics
Dr Gurmej  Singh,Associate Professor,Department of Physical Education and sports,https://nitj.irins.org/profile/90271,90271,,,,,,,,,,Physical Geography
Dr Jaspal Aujla,Professor,Department of Mathematics,https://nitj.irins.org/profile/92733,92733,,6602834437,AAF3247-2020,UTjt-jAAAAAJ,37,4,,10,15,Mathematics
Dr Anupam  Yadav,Associate Professor,Department of Mathematics,https://nitj.irins.org/profile/89947,89947,0000-0002-9179-3151,55220521500,Y-1063-2019,8g3TkDAAAAAJ,67,1,,18,129,Computer Science Artificial Intelligence
Dr Damanjit Kaur,Associate Professor,Department of Mathematics,https://nitj.irins.org/profile/90399,90399,,57211010470,Y-4501-2019,,3,58,,3,4,Mechanical Engineering
Dr Geeta Partap,Associate Professor,Department of Mathematics,https://nitj.irins.org/profile/90401,90401,,55948614900,X-9929-2019,,28,172,,8,14,Applied Mathematics
Dr Sivaraj Ramachandran,Associate Professor,Department of Mathematics,https://nitj.irins.org/profile/341234,341234,0000-0002-0841-3948,55121905400,D-3912-2019,vPCP-HMAAAAJ,82,3,,29,316,Mathematics
Dr NARESH KUMAR,Assistant Professor (Grade-II),Department of Mathematics,https://nitj.irins.org/profile/574104,574104,0000-0002-1913-7950,57217124446,OIS-2003-2025,-5xuulAAAAAJ,45,1,,5,63,Mathematics
Dr Manoj  Kumar,Assistant Professor (Grade-II),Department of Mathematics,https://nitj.irins.org/profile/651995,651995,0000-0002-8942-1754,,,E_3sTA0AAAAJ,4,,,,26,Operations Research and Management Science
Dr Vipin Kumar,Assistant Professor (Grade-II),Department of Mathematics,https://nitj.irins.org/profile/652075,652075,0000-0002-7068-5426,57204573903,AHA-4618-2022,fVPc7TAAAAAJ,32,2,,14,45,Mathematics
Dr Sukhjit  Singh,Assistant Professor (Grade-I),Department of Mathematics,https://nitj.irins.org/profile/93263,93263,0000-0003-3445-2358,56864789600,Y-2208-2019,dj8zAPoAAAAJ&hl=en,,,,,,Applied Mathematics
Dr Neha  Yadav,Assistant Professor (Grade-I),Department of Mathematics,https://nitj.irins.org/profile/101450,101450,0000-0001-8058-0778,52365435800,AAY-9034-2021,H46redUAAAAJ,33,1,,10,55,Applied Mathematics
Dr Mohammad Zafar,Assistant Professor,Department of Mathematics,https://nitj.irins.org/profile/90285,90285,,56373668000,Y-1349-2019,https://scholar.google.com/citations?user=RtSidIEA,18,1,,5,10,Mathematics
Dr Ravinder Kumar,Assistant Professor,Department of Mathematics,https://nitj.irins.org/profile/90359,90359,0000-0002-6163-7203,56972879900,X-9741-2019,eE0Le_sAAAAJ&hl=en,16,1,,5,17,Mathematics
Dr Deepika Rani,Assistant Professor,Department of Mathematics,https://nitj.irins.org/profile/90383,90383,0000-0001-8544-4628,28568058300,X-8483-2019,https://scholar.google.com/citations?user=qCzk-pYA,79,2,,14,280,Mathematics
Dr Ravinder Singh,Assistant Professor,Department of Mathematics,https://nitj.irins.org/profile/92087,92087,0000-0002-6969-6515,57215037752,AAS-9195-2020,Db1k8AAAAJ,32,212,,9,50,Mathematics
Dr Vandita Sharma,Assistant Professor,Department of Mathematics,https://nitj.irins.org/profile/458069,458069,0000-0002-9348-2410,57212920956,JQV-6012-2023,qNVBsTgAAAAJ,10,2,,7,28,Applied Mathematics
Dr  Saurabh Kumar  Katiyar,Assistant Professor,Department of Mathematics,https://nitj.irins.org/profile/479660,479660,0000-0003-4640-8514,56938102400,,opixed4AAAAJ,23,2,,9,29,Mathematics
Dr POTHURAJU RAMAKRISHNA,Assistant Professor (Grade-II),Department of Electrical Engineering,https://nitj.irins.org/profile/496605,496605,0000-0002-2794-8710,57205419307,KIH-1619-2024,RGAgoqEAAAAJ,23,87,,6,48,Electrical and Electronic Engineering
Dr Sounak Nandi,Assistant Professor (Grade-II),Department of Electrical Engineering,https://nitj.irins.org/profile/520311,520311,0000-0003-2746-9266,57209283599,,oFPDCXUAAAAJ,20,79,,5,28,Electrical and Electronic Engineering
Dr Harimurugan Devarajan,Assistant Professor (Grade-I),Department of Electrical Engineering,https://nitj.irins.org/profile/130057,130057,0000-0003-1538-1822,57200511281,Q-3801-2018,harimurugan@nitj.ac.in,11,38,,4,17,Electrical and Electronic Engineering
Dr Kailash Sharma,Assistant Professor,Department of Electrical Engineering,https://nitj.irins.org/profile/107430,107430,0000-0002-3834-7718,55561823400,AAC-7245-2019,https://scholar.google.co.in/citations?user=subvPd,59,2,,15,161,Electrical and Electronic Engineering
Dr Vijay  Kumar,Associate Professor,Department of Information Technology,https://nitj.irins.org/profile/101403,101403,0000-0002-3460-6989,57375362000,A-2782-2015,kviNdloAAAAJ,275,17,,52,496,Computer Science Artificial Intelligence
Dr Avani Vyas,Assistant Professor (Grade-II),Department of Information Technology,https://nitj.irins.org/profile/339440,339440,0000-0002-4689-6477,57209104014,,IlZMbYQAAAAJ,9,75,,5,13,Computer Science Theory and Methods
Dr JASPAL KAUR SAINI,Assistant Professor (Grade-II),Department of Information Technology,https://nitj.irins.org/profile/479623,479623,0000-0003-1142-1356,56031659100,HGC-6731-2022,Gea9i5cAAAAJ,15,124,,5,15,Computer Science Artificial Intelligence
Dr Abhishek Narwaria,Assistant Professor (Grade-II),Department of Information Technology,https://nitj.irins.org/profile/616103,616103,0000-0001-9257-9299,57212344439,OIS-2543-2025,sCmoheIAAAAJ,9,61,,4,16,Computer Science Theory and Methods
Dr Vikas Chauhan,Assistant Professor (Grade-II),Department of Information Technology,https://nitj.irins.org/profile/643829,643829,0000-0003-2089-0963,,,fVs2mqcAAAAJ,10,1,,5,41,Computer Science Artificial Intelligence
Dr Arun  Kumar,Assistant Professor (Grade-II),Department of Information Technology,https://nitj.irins.org/profile/651876,651876,,,,,,,,,,Computer Science Artificial Intelligence
Dr Kumar Prateek,Assistant Professor (Grade-II),Department of Information Technology,https://nitj.irins.org/profile/652654,652654,0000-0003-3528-3082,57503071300,AER-0399-2022,yBNfbLwAAAAJ,14,1,,7,29,Computer Science Information Systems
Dr Bharat Krishan Mahaur,Assistant Professor (Grade-II),Department of Information Technology,https://nitj.irins.org/profile/652787,652787,0000-0002-0018-1951,57219966163,OJT-1944-2025,4J-a2RUAAAAJ,9,345,,5,12,Computer Science Artificial Intelligence
Dr Ikkurthi Bhanu  Prasad,Assistant Professor (Grade-II),Department of Information Technology,https://nitj.irins.org/profile/652892,652892,,57222372599,,,11,59,,5,62,Computer Science Theory and Methods
Ms Kusum Kumari Bharti,Assistant Professor,Department of Information Technology,https://nitj.irins.org/profile/105275,105275,,55221909400,,,28,625,,10,30,Computer Science Information Systems
Dr Nisha Chaurasia,Assistant Professor,Department of Information Technology,https://nitj.irins.org/profile/114018,114018,0000-0002-0007-2712,57191330818,F-8863-2017,6AbENWcAAAAJ,43,1,,7,109,Computer Science Interdisciplinary SCI
Dr Mohit Kumar,Assistant Professor,Department of Information Technology,https://nitj.irins.org/profile/114068,114068,0000-0003-1600-6872,56243664000,T-8073-2018,https://scholar.google.com/citations?user=5zbn8FcA,107,3,,26,509,Computer Science Information Systems
Dr Naveen Kumar Gupta,Assistant Professor,Department of Information Technology,https://nitj.irins.org/profile/341518,341518,0000-0003-0085-6661,57209931849,AAV-5989-2020,N05cs1QAAAAJ,14,1,,5,35,Computer Science Information Systems
Dr. Jaydeep Das,Assistant Professor,Department of Mathematics & Computing,https://nitj.irins.org/profile/652444,652444,0000-0002-7586-8205,57027061500,HIR-3997-2022,jQdOJaQAAAAJ,15,125,,7,43,Computer Science Information Systems
